"filename", "language", "Docker", "JSON", "JSON with Comments", "Markdown", "TypeScript", "JavaScript", "CSS", "HTML", "comment", "blank", "total"
"c:\Users\Ahmad\Documents\GitHub\OpenLAIR2.0\backend\Dockerfile", "Docker", -7, 0, 0, 0, 0, 0, 0, 0, -9, -6, -22
"c:\Users\Ahmad\Documents\GitHub\OpenLAIR2.0\backend\app.js", "JavaScript", 0, 0, 0, 0, 0, -462, 0, 0, -22, -108, -592
"c:\Users\Ahmad\Documents\GitHub\OpenLAIR2.0\backend\models\data.js", "JavaScript", 0, 0, 0, 0, 0, 0, 0, 0, -15, -6, -21
"c:\Users\Ahmad\Documents\GitHub\OpenLAIR2.0\backend\package-lock.json", "JSON", 0, -847, 0, 0, 0, 0, 0, 0, 0, -1, -848
"c:\Users\Ahmad\Documents\GitHub\OpenLAIR2.0\backend\package.json", "JSON", 0, -27, 0, 0, 0, 0, 0, 0, 0, -1, -28
"c:\Users\Ahmad\Documents\GitHub\OpenLAIR2.0\frontend\Dockerfile", "Docker", 8, 0, 0, 0, 0, 0, 0, 0, 5, 4, 17
"c:\Users\Ahmad\Documents\GitHub\OpenLAIR2.0\frontend\README.md", "Markdown", 0, 0, 0, 14, 0, 0, 0, 0, 0, 14, 28
"c:\Users\Ahmad\Documents\GitHub\OpenLAIR2.0\frontend\angular.json", "JSON", 0, 138, 0, 0, 0, 0, 0, 0, 0, 4, 142
"c:\Users\Ahmad\Documents\GitHub\OpenLAIR2.0\frontend\e2e\protractor.conf.js", "JavaScript", 0, 0, 0, 0, 0, 24, 0, 0, 6, 2, 32
"c:\Users\Ahmad\Documents\GitHub\OpenLAIR2.0\frontend\e2e\src\app.e2e-spec.ts", "TypeScript", 0, 0, 0, 0, 18, 0, 0, 0, 1, 5, 24
"c:\Users\Ahmad\Documents\GitHub\OpenLAIR2.0\frontend\e2e\src\app.po.ts", "TypeScript", 0, 0, 0, 0, 9, 0, 0, 0, 0, 3, 12
"c:\Users\Ahmad\Documents\GitHub\OpenLAIR2.0\frontend\e2e\tsconfig.json", "JSON with Comments", 0, 0, 13, 0, 0, 0, 0, 0, 0, 1, 14
"c:\Users\Ahmad\Documents\GitHub\OpenLAIR2.0\frontend\karma.conf.js", "JavaScript", 0, 0, 0, 0, 0, 29, 0, 0, 2, 2, 33
"c:\Users\Ahmad\Documents\GitHub\OpenLAIR2.0\frontend\package-lock.json", "JSON", 0, 13491, 0, 0, 0, 0, 0, 0, 0, 1, 13492
"c:\Users\Ahmad\Documents\GitHub\OpenLAIR2.0\frontend\package.json", "JSON", 0, 65, 0, 0, 0, 0, 0, 0, 0, 1, 66
"c:\Users\Ahmad\Documents\GitHub\OpenLAIR2.0\frontend\src\app\_models\data.model.ts", "TypeScript", 0, 0, 0, 0, 4, 0, 0, 0, 0, 1, 5
"c:\Users\Ahmad\Documents\GitHub\OpenLAIR2.0\frontend\src\app\_models\index.ts", "TypeScript", 0, 0, 0, 0, 1, 0, 0, 0, 0, 0, 1
"c:\Users\Ahmad\Documents\GitHub\OpenLAIR2.0\frontend\src\app\_models\indicator.model.ts", "TypeScript", 0, 0, 0, 0, 8, 0, 0, 0, 0, 1, 9
"c:\Users\Ahmad\Documents\GitHub\OpenLAIR2.0\frontend\src\app\_models\learningActivity.model.ts", "TypeScript", 0, 0, 0, 0, 7, 0, 0, 0, 0, 2, 9
"c:\Users\Ahmad\Documents\GitHub\OpenLAIR2.0\frontend\src\app\_models\learningEvent.model.ts", "TypeScript", 0, 0, 0, 0, 7, 0, 0, 0, 0, 2, 9
"c:\Users\Ahmad\Documents\GitHub\OpenLAIR2.0\frontend\src\app\_models\pathObject.model.ts", "TypeScript", 0, 0, 0, 0, 10, 0, 0, 0, 0, 2, 12
"c:\Users\Ahmad\Documents\GitHub\OpenLAIR2.0\frontend\src\app\_models\reference.model.ts", "TypeScript", 0, 0, 0, 0, 8, 0, 0, 0, 0, 1, 9
"c:\Users\Ahmad\Documents\GitHub\OpenLAIR2.0\frontend\src\app\_models\review.model.ts", "TypeScript", 0, 0, 0, 0, 17, 0, 0, 0, 0, 1, 18
"c:\Users\Ahmad\Documents\GitHub\OpenLAIR2.0\frontend\src\app\_models\user.ts", "TypeScript", 0, 0, 0, 0, 5, 0, 0, 0, 0, 1, 6
"c:\Users\Ahmad\Documents\GitHub\OpenLAIR2.0\frontend\src\app\app-routing.module.ts", "TypeScript", 0, 0, 0, 0, 28, 0, 0, 0, 7, 7, 42
"c:\Users\Ahmad\Documents\GitHub\OpenLAIR2.0\frontend\src\app\app.component.css", "CSS", 0, 0, 0, 0, 0, 0, 14, 0, 0, 2, 16
"c:\Users\Ahmad\Documents\GitHub\OpenLAIR2.0\frontend\src\app\app.component.html", "HTML", 0, 0, 0, 0, 0, 0, 0, 4, 0, 4, 8
"c:\Users\Ahmad\Documents\GitHub\OpenLAIR2.0\frontend\src\app\app.component.spec.ts", "TypeScript", 0, 0, 0, 0, 31, 0, 0, 0, 0, 5, 36
"c:\Users\Ahmad\Documents\GitHub\OpenLAIR2.0\frontend\src\app\app.component.ts", "TypeScript", 0, 0, 0, 0, 9, 0, 0, 0, 0, 3, 12
"c:\Users\Ahmad\Documents\GitHub\OpenLAIR2.0\frontend\src\app\app.module.ts", "TypeScript", 0, 0, 0, 0, 172, 0, 0, 0, 10, 10, 192
"c:\Users\Ahmad\Documents\GitHub\OpenLAIR2.0\frontend\src\app\auth-guard.service.spec.ts", "TypeScript", 0, 0, 0, 0, 9, 0, 0, 0, 0, 4, 13
"c:\Users\Ahmad\Documents\GitHub\OpenLAIR2.0\frontend\src\app\auth-guard.service.ts", "TypeScript", 0, 0, 0, 0, 18, 0, 0, 0, 1, 8, 27
"c:\Users\Ahmad\Documents\GitHub\OpenLAIR2.0\frontend\src\app\chart-helper.service.spec.ts", "TypeScript", 0, 0, 0, 0, 9, 0, 0, 0, 0, 4, 13
"c:\Users\Ahmad\Documents\GitHub\OpenLAIR2.0\frontend\src\app\chart-helper.service.ts", "TypeScript", 0, 0, 0, 0, 10, 0, 0, 0, 1, 2, 13
"c:\Users\Ahmad\Documents\GitHub\OpenLAIR2.0\frontend\src\app\chart-manager\chart-manager.component.css", "CSS", 0, 0, 0, 0, 0, 0, 63, 0, 0, 12, 75
"c:\Users\Ahmad\Documents\GitHub\OpenLAIR2.0\frontend\src\app\chart-manager\chart-manager.component.html", "HTML", 0, 0, 0, 0, 0, 0, 0, 227, 35, 36, 298
"c:\Users\Ahmad\Documents\GitHub\OpenLAIR2.0\frontend\src\app\chart-manager\chart-manager.component.spec.ts", "TypeScript", 0, 0, 0, 0, 20, 0, 0, 0, 0, 6, 26
"c:\Users\Ahmad\Documents\GitHub\OpenLAIR2.0\frontend\src\app\chart-manager\chart-manager.component.ts", "TypeScript", 0, 0, 0, 0, 76, 0, 0, 0, 14, 11, 101
"c:\Users\Ahmad\Documents\GitHub\OpenLAIR2.0\frontend\src\app\charts\affective-state\affective-state.component.css", "CSS", 0, 0, 0, 0, 0, 0, 0, 0, 0, 1, 1
"c:\Users\Ahmad\Documents\GitHub\OpenLAIR2.0\frontend\src\app\charts\affective-state\affective-state.component.html", "HTML", 0, 0, 0, 0, 0, 0, 0, 7, 0, 1, 8
"c:\Users\Ahmad\Documents\GitHub\OpenLAIR2.0\frontend\src\app\charts\affective-state\affective-state.component.spec.ts", "TypeScript", 0, 0, 0, 0, 20, 0, 0, 0, 0, 6, 26
"c:\Users\Ahmad\Documents\GitHub\OpenLAIR2.0\frontend\src\app\charts\affective-state\affective-state.component.ts", "TypeScript", 0, 0, 0, 0, 78, 0, 0, 0, 0, 8, 86
"c:\Users\Ahmad\Documents\GitHub\OpenLAIR2.0\frontend\src\app\charts\clickstream-analysis\clickstream-analysis.component.css", "CSS", 0, 0, 0, 0, 0, 0, 0, 0, 0, 1, 1
"c:\Users\Ahmad\Documents\GitHub\OpenLAIR2.0\frontend\src\app\charts\clickstream-analysis\clickstream-analysis.component.html", "HTML", 0, 0, 0, 0, 0, 0, 0, 7, 0, 1, 8
"c:\Users\Ahmad\Documents\GitHub\OpenLAIR2.0\frontend\src\app\charts\clickstream-analysis\clickstream-analysis.component.spec.ts", "TypeScript", 0, 0, 0, 0, 20, 0, 0, 0, 0, 6, 26
"c:\Users\Ahmad\Documents\GitHub\OpenLAIR2.0\frontend\src\app\charts\clickstream-analysis\clickstream-analysis.component.ts", "TypeScript", 0, 0, 0, 0, 57, 0, 0, 0, 0, 7, 64
"c:\Users\Ahmad\Documents\GitHub\OpenLAIR2.0\frontend\src\app\charts\clustering\clustering.component.css", "CSS", 0, 0, 0, 0, 0, 0, 0, 0, 0, 1, 1
"c:\Users\Ahmad\Documents\GitHub\OpenLAIR2.0\frontend\src\app\charts\clustering\clustering.component.html", "HTML", 0, 0, 0, 0, 0, 0, 0, 7, 0, 1, 8
"c:\Users\Ahmad\Documents\GitHub\OpenLAIR2.0\frontend\src\app\charts\clustering\clustering.component.spec.ts", "TypeScript", 0, 0, 0, 0, 20, 0, 0, 0, 0, 6, 26
"c:\Users\Ahmad\Documents\GitHub\OpenLAIR2.0\frontend\src\app\charts\clustering\clustering.component.ts", "TypeScript", 0, 0, 0, 0, 206, 0, 0, 0, 0, 7, 213
"c:\Users\Ahmad\Documents\GitHub\OpenLAIR2.0\frontend\src\app\charts\competency\competency.component.css", "CSS", 0, 0, 0, 0, 0, 0, 0, 0, 0, 1, 1
"c:\Users\Ahmad\Documents\GitHub\OpenLAIR2.0\frontend\src\app\charts\competency\competency.component.html", "HTML", 0, 0, 0, 0, 0, 0, 0, 7, 0, 1, 8
"c:\Users\Ahmad\Documents\GitHub\OpenLAIR2.0\frontend\src\app\charts\competency\competency.component.spec.ts", "TypeScript", 0, 0, 0, 0, 20, 0, 0, 0, 0, 6, 26
"c:\Users\Ahmad\Documents\GitHub\OpenLAIR2.0\frontend\src\app\charts\competency\competency.component.ts", "TypeScript", 0, 0, 0, 0, 75, 0, 0, 0, 11, 9, 95
"c:\Users\Ahmad\Documents\GitHub\OpenLAIR2.0\frontend\src\app\charts\course-assessment\course-assessment.component.css", "CSS", 0, 0, 0, 0, 0, 0, 0, 0, 0, 1, 1
"c:\Users\Ahmad\Documents\GitHub\OpenLAIR2.0\frontend\src\app\charts\course-assessment\course-assessment.component.html", "HTML", 0, 0, 0, 0, 0, 0, 0, 12, 0, 2, 14
"c:\Users\Ahmad\Documents\GitHub\OpenLAIR2.0\frontend\src\app\charts\course-assessment\course-assessment.component.spec.ts", "TypeScript", 0, 0, 0, 0, 20, 0, 0, 0, 0, 6, 26
"c:\Users\Ahmad\Documents\GitHub\OpenLAIR2.0\frontend\src\app\charts\course-assessment\course-assessment.component.ts", "TypeScript", 0, 0, 0, 0, 171, 0, 0, 0, 0, 8, 179
"c:\Users\Ahmad\Documents\GitHub\OpenLAIR2.0\frontend\src\app\charts\course-difficulty\course-difficulty.component.css", "CSS", 0, 0, 0, 0, 0, 0, 0, 0, 0, 1, 1
"c:\Users\Ahmad\Documents\GitHub\OpenLAIR2.0\frontend\src\app\charts\course-difficulty\course-difficulty.component.html", "HTML", 0, 0, 0, 0, 0, 0, 0, 7, 0, 1, 8
"c:\Users\Ahmad\Documents\GitHub\OpenLAIR2.0\frontend\src\app\charts\course-difficulty\course-difficulty.component.spec.ts", "TypeScript", 0, 0, 0, 0, 20, 0, 0, 0, 0, 6, 26
"c:\Users\Ahmad\Documents\GitHub\OpenLAIR2.0\frontend\src\app\charts\course-difficulty\course-difficulty.component.ts", "TypeScript", 0, 0, 0, 0, 75, 0, 0, 0, 0, 5, 80
"c:\Users\Ahmad\Documents\GitHub\OpenLAIR2.0\frontend\src\app\charts\curriculum-usage\curriculum-usage.component.css", "CSS", 0, 0, 0, 0, 0, 0, 0, 0, 0, 1, 1
"c:\Users\Ahmad\Documents\GitHub\OpenLAIR2.0\frontend\src\app\charts\curriculum-usage\curriculum-usage.component.html", "HTML", 0, 0, 0, 0, 0, 0, 0, 7, 0, 1, 8
"c:\Users\Ahmad\Documents\GitHub\OpenLAIR2.0\frontend\src\app\charts\curriculum-usage\curriculum-usage.component.spec.ts", "TypeScript", 0, 0, 0, 0, 20, 0, 0, 0, 0, 6, 26
"c:\Users\Ahmad\Documents\GitHub\OpenLAIR2.0\frontend\src\app\charts\curriculum-usage\curriculum-usage.component.ts", "TypeScript", 0, 0, 0, 0, 145, 0, 0, 0, 0, 6, 151
"c:\Users\Ahmad\Documents\GitHub\OpenLAIR2.0\frontend\src\app\charts\discussion-quality\discussion-quality.component.css", "CSS", 0, 0, 0, 0, 0, 0, 0, 0, 0, 1, 1
"c:\Users\Ahmad\Documents\GitHub\OpenLAIR2.0\frontend\src\app\charts\discussion-quality\discussion-quality.component.html", "HTML", 0, 0, 0, 0, 0, 0, 0, 5, 0, 1, 6
"c:\Users\Ahmad\Documents\GitHub\OpenLAIR2.0\frontend\src\app\charts\discussion-quality\discussion-quality.component.spec.ts", "TypeScript", 0, 0, 0, 0, 20, 0, 0, 0, 0, 6, 26
"c:\Users\Ahmad\Documents\GitHub\OpenLAIR2.0\frontend\src\app\charts\discussion-quality\discussion-quality.component.ts", "TypeScript", 0, 0, 0, 0, 69, 0, 0, 0, 0, 9, 78
"c:\Users\Ahmad\Documents\GitHub\OpenLAIR2.0\frontend\src\app\charts\droppingout\droppingout.component.css", "CSS", 0, 0, 0, 0, 0, 0, 0, 0, 0, 1, 1
"c:\Users\Ahmad\Documents\GitHub\OpenLAIR2.0\frontend\src\app\charts\droppingout\droppingout.component.html", "HTML", 0, 0, 0, 0, 0, 0, 0, 7, 0, 1, 8
"c:\Users\Ahmad\Documents\GitHub\OpenLAIR2.0\frontend\src\app\charts\droppingout\droppingout.component.spec.ts", "TypeScript", 0, 0, 0, 0, 20, 0, 0, 0, 0, 6, 26
"c:\Users\Ahmad\Documents\GitHub\OpenLAIR2.0\frontend\src\app\charts\droppingout\droppingout.component.ts", "TypeScript", 0, 0, 0, 0, 149, 0, 0, 0, 8, 6, 163
"c:\Users\Ahmad\Documents\GitHub\OpenLAIR2.0\frontend\src\app\charts\engagement-performance\engagement-performance.component.css", "CSS", 0, 0, 0, 0, 0, 0, 0, 0, 0, 1, 1
"c:\Users\Ahmad\Documents\GitHub\OpenLAIR2.0\frontend\src\app\charts\engagement-performance\engagement-performance.component.html", "HTML", 0, 0, 0, 0, 0, 0, 0, 7, 0, 1, 8
"c:\Users\Ahmad\Documents\GitHub\OpenLAIR2.0\frontend\src\app\charts\engagement-performance\engagement-performance.component.spec.ts", "TypeScript", 0, 0, 0, 0, 20, 0, 0, 0, 0, 6, 26
"c:\Users\Ahmad\Documents\GitHub\OpenLAIR2.0\frontend\src\app\charts\engagement-performance\engagement-performance.component.ts", "TypeScript", 0, 0, 0, 0, 67, 0, 0, 0, 0, 3, 70
"c:\Users\Ahmad\Documents\GitHub\OpenLAIR2.0\frontend\src\app\charts\feedback\feedback.component.css", "CSS", 0, 0, 0, 0, 0, 0, 0, 0, 0, 1, 1
"c:\Users\Ahmad\Documents\GitHub\OpenLAIR2.0\frontend\src\app\charts\feedback\feedback.component.html", "HTML", 0, 0, 0, 0, 0, 0, 0, 20, 6, 3, 29
"c:\Users\Ahmad\Documents\GitHub\OpenLAIR2.0\frontend\src\app\charts\feedback\feedback.component.spec.ts", "TypeScript", 0, 0, 0, 0, 20, 0, 0, 0, 0, 6, 26
"c:\Users\Ahmad\Documents\GitHub\OpenLAIR2.0\frontend\src\app\charts\feedback\feedback.component.ts", "TypeScript", 0, 0, 0, 0, 186, 0, 0, 0, 3, 26, 215
"c:\Users\Ahmad\Documents\GitHub\OpenLAIR2.0\frontend\src\app\charts\final-grade-prediction\final-grade-prediction.component.css", "CSS", 0, 0, 0, 0, 0, 0, 0, 0, 0, 1, 1
"c:\Users\Ahmad\Documents\GitHub\OpenLAIR2.0\frontend\src\app\charts\final-grade-prediction\final-grade-prediction.component.html", "HTML", 0, 0, 0, 0, 0, 0, 0, 7, 0, 1, 8
"c:\Users\Ahmad\Documents\GitHub\OpenLAIR2.0\frontend\src\app\charts\final-grade-prediction\final-grade-prediction.component.spec.ts", "TypeScript", 0, 0, 0, 0, 20, 0, 0, 0, 0, 6, 26
"c:\Users\Ahmad\Documents\GitHub\OpenLAIR2.0\frontend\src\app\charts\final-grade-prediction\final-grade-prediction.component.ts", "TypeScript", 0, 0, 0, 0, 85, 0, 0, 0, 0, 4, 89
"c:\Users\Ahmad\Documents\GitHub\OpenLAIR2.0\frontend\src\app\charts\gamification\gamification.component.css", "CSS", 0, 0, 0, 0, 0, 0, 0, 0, 0, 1, 1
"c:\Users\Ahmad\Documents\GitHub\OpenLAIR2.0\frontend\src\app\charts\gamification\gamification.component.html", "HTML", 0, 0, 0, 0, 0, 0, 0, 7, 0, 1, 8
"c:\Users\Ahmad\Documents\GitHub\OpenLAIR2.0\frontend\src\app\charts\gamification\gamification.component.spec.ts", "TypeScript", 0, 0, 0, 0, 20, 0, 0, 0, 0, 6, 26
"c:\Users\Ahmad\Documents\GitHub\OpenLAIR2.0\frontend\src\app\charts\gamification\gamification.component.ts", "TypeScript", 0, 0, 0, 0, 59, 0, 0, 0, 0, 5, 64
"c:\Users\Ahmad\Documents\GitHub\OpenLAIR2.0\frontend\src\app\charts\group-participation\group-participation.component.css", "CSS", 0, 0, 0, 0, 0, 0, 0, 0, 0, 1, 1
"c:\Users\Ahmad\Documents\GitHub\OpenLAIR2.0\frontend\src\app\charts\group-participation\group-participation.component.html", "HTML", 0, 0, 0, 0, 0, 0, 0, 7, 0, 1, 8
"c:\Users\Ahmad\Documents\GitHub\OpenLAIR2.0\frontend\src\app\charts\group-participation\group-participation.component.spec.ts", "TypeScript", 0, 0, 0, 0, 20, 0, 0, 0, 0, 6, 26
"c:\Users\Ahmad\Documents\GitHub\OpenLAIR2.0\frontend\src\app\charts\group-participation\group-participation.component.ts", "TypeScript", 0, 0, 0, 0, 70, 0, 0, 0, 0, 6, 76
"c:\Users\Ahmad\Documents\GitHub\OpenLAIR2.0\frontend\src\app\charts\initiative\initiative.component.css", "CSS", 0, 0, 0, 0, 0, 0, 0, 0, 0, 1, 1
"c:\Users\Ahmad\Documents\GitHub\OpenLAIR2.0\frontend\src\app\charts\initiative\initiative.component.html", "HTML", 0, 0, 0, 0, 0, 0, 0, 7, 0, 1, 8
"c:\Users\Ahmad\Documents\GitHub\OpenLAIR2.0\frontend\src\app\charts\initiative\initiative.component.spec.ts", "TypeScript", 0, 0, 0, 0, 20, 0, 0, 0, 0, 6, 26
"c:\Users\Ahmad\Documents\GitHub\OpenLAIR2.0\frontend\src\app\charts\initiative\initiative.component.ts", "TypeScript", 0, 0, 0, 0, 86, 0, 0, 0, 0, 9, 95
"c:\Users\Ahmad\Documents\GitHub\OpenLAIR2.0\frontend\src\app\charts\learning-behavior-patterns\learning-behavior-patterns.component.css", "CSS", 0, 0, 0, 0, 0, 0, 0, 0, 0, 1, 1
"c:\Users\Ahmad\Documents\GitHub\OpenLAIR2.0\frontend\src\app\charts\learning-behavior-patterns\learning-behavior-patterns.component.html", "HTML", 0, 0, 0, 0, 0, 0, 0, 7, 0, 1, 8
"c:\Users\Ahmad\Documents\GitHub\OpenLAIR2.0\frontend\src\app\charts\learning-behavior-patterns\learning-behavior-patterns.component.spec.ts", "TypeScript", 0, 0, 0, 0, 20, 0, 0, 0, 0, 6, 26
"c:\Users\Ahmad\Documents\GitHub\OpenLAIR2.0\frontend\src\app\charts\learning-behavior-patterns\learning-behavior-patterns.component.ts", "TypeScript", 0, 0, 0, 0, 89, 0, 0, 0, 0, 5, 94
"c:\Users\Ahmad\Documents\GitHub\OpenLAIR2.0\frontend\src\app\charts\learning-behaviour\learning-behaviour.component.css", "CSS", 0, 0, 0, 0, 0, 0, 0, 0, 0, 1, 1
"c:\Users\Ahmad\Documents\GitHub\OpenLAIR2.0\frontend\src\app\charts\learning-behaviour\learning-behaviour.component.html", "HTML", 0, 0, 0, 0, 0, 0, 0, 7, 0, 1, 8
"c:\Users\Ahmad\Documents\GitHub\OpenLAIR2.0\frontend\src\app\charts\learning-behaviour\learning-behaviour.component.spec.ts", "TypeScript", 0, 0, 0, 0, 20, 0, 0, 0, 0, 6, 26
"c:\Users\Ahmad\Documents\GitHub\OpenLAIR2.0\frontend\src\app\charts\learning-behaviour\learning-behaviour.component.ts", "TypeScript", 0, 0, 0, 0, 206, 0, 0, 0, 0, 4, 210
"c:\Users\Ahmad\Documents\GitHub\OpenLAIR2.0\frontend\src\app\charts\learning-progress\learning-progress.component.css", "CSS", 0, 0, 0, 0, 0, 0, 0, 0, 0, 1, 1
"c:\Users\Ahmad\Documents\GitHub\OpenLAIR2.0\frontend\src\app\charts\learning-progress\learning-progress.component.html", "HTML", 0, 0, 0, 0, 0, 0, 0, 7, 0, 1, 8
"c:\Users\Ahmad\Documents\GitHub\OpenLAIR2.0\frontend\src\app\charts\learning-progress\learning-progress.component.spec.ts", "TypeScript", 0, 0, 0, 0, 20, 0, 0, 0, 0, 6, 26
"c:\Users\Ahmad\Documents\GitHub\OpenLAIR2.0\frontend\src\app\charts\learning-progress\learning-progress.component.ts", "TypeScript", 0, 0, 0, 0, 78, 0, 0, 0, 0, 5, 83
"c:\Users\Ahmad\Documents\GitHub\OpenLAIR2.0\frontend\src\app\charts\online-change-detection\online-change-detection.component.css", "CSS", 0, 0, 0, 0, 0, 0, 0, 0, 0, 1, 1
"c:\Users\Ahmad\Documents\GitHub\OpenLAIR2.0\frontend\src\app\charts\online-change-detection\online-change-detection.component.html", "HTML", 0, 0, 0, 0, 0, 0, 0, 7, 0, 1, 8
"c:\Users\Ahmad\Documents\GitHub\OpenLAIR2.0\frontend\src\app\charts\online-change-detection\online-change-detection.component.spec.ts", "TypeScript", 0, 0, 0, 0, 20, 0, 0, 0, 0, 6, 26
"c:\Users\Ahmad\Documents\GitHub\OpenLAIR2.0\frontend\src\app\charts\online-change-detection\online-change-detection.component.ts", "TypeScript", 0, 0, 0, 0, 100, 0, 0, 0, 2, 10, 112
"c:\Users\Ahmad\Documents\GitHub\OpenLAIR2.0\frontend\src\app\charts\passing-rate-prediction\passing-rate-prediction.component.css", "CSS", 0, 0, 0, 0, 0, 0, 0, 0, 0, 1, 1
"c:\Users\Ahmad\Documents\GitHub\OpenLAIR2.0\frontend\src\app\charts\passing-rate-prediction\passing-rate-prediction.component.html", "HTML", 0, 0, 0, 0, 0, 0, 0, 7, 0, 1, 8
"c:\Users\Ahmad\Documents\GitHub\OpenLAIR2.0\frontend\src\app\charts\passing-rate-prediction\passing-rate-prediction.component.spec.ts", "TypeScript", 0, 0, 0, 0, 20, 0, 0, 0, 0, 6, 26
"c:\Users\Ahmad\Documents\GitHub\OpenLAIR2.0\frontend\src\app\charts\passing-rate-prediction\passing-rate-prediction.component.ts", "TypeScript", 0, 0, 0, 0, 122, 0, 0, 0, 0, 8, 130
"c:\Users\Ahmad\Documents\GitHub\OpenLAIR2.0\frontend\src\app\charts\predict-coursecompletion\predict-coursecompletion.component.css", "CSS", 0, 0, 0, 0, 0, 0, 0, 0, 0, 1, 1
"c:\Users\Ahmad\Documents\GitHub\OpenLAIR2.0\frontend\src\app\charts\predict-coursecompletion\predict-coursecompletion.component.html", "HTML", 0, 0, 0, 0, 0, 0, 0, 7, 0, 1, 8
"c:\Users\Ahmad\Documents\GitHub\OpenLAIR2.0\frontend\src\app\charts\predict-coursecompletion\predict-coursecompletion.component.spec.ts", "TypeScript", 0, 0, 0, 0, 20, 0, 0, 0, 0, 6, 26
"c:\Users\Ahmad\Documents\GitHub\OpenLAIR2.0\frontend\src\app\charts\predict-coursecompletion\predict-coursecompletion.component.ts", "TypeScript", 0, 0, 0, 0, 75, 0, 0, 0, 0, 5, 80
"c:\Users\Ahmad\Documents\GitHub\OpenLAIR2.0\frontend\src\app\charts\predict-exam-success\predict-exam-success.component.css", "CSS", 0, 0, 0, 0, 0, 0, 0, 0, 0, 1, 1
"c:\Users\Ahmad\Documents\GitHub\OpenLAIR2.0\frontend\src\app\charts\predict-exam-success\predict-exam-success.component.html", "HTML", 0, 0, 0, 0, 0, 0, 0, 7, 0, 1, 8
"c:\Users\Ahmad\Documents\GitHub\OpenLAIR2.0\frontend\src\app\charts\predict-exam-success\predict-exam-success.component.spec.ts", "TypeScript", 0, 0, 0, 0, 20, 0, 0, 0, 0, 6, 26
"c:\Users\Ahmad\Documents\GitHub\OpenLAIR2.0\frontend\src\app\charts\predict-exam-success\predict-exam-success.component.ts", "TypeScript", 0, 0, 0, 0, 85, 0, 0, 0, 0, 5, 90
"c:\Users\Ahmad\Documents\GitHub\OpenLAIR2.0\frontend\src\app\charts\presentation-skills\presentation-skills.component.css", "CSS", 0, 0, 0, 0, 0, 0, 0, 0, 0, 1, 1
"c:\Users\Ahmad\Documents\GitHub\OpenLAIR2.0\frontend\src\app\charts\presentation-skills\presentation-skills.component.html", "HTML", 0, 0, 0, 0, 0, 0, 0, 1, 0, 1, 2
"c:\Users\Ahmad\Documents\GitHub\OpenLAIR2.0\frontend\src\app\charts\presentation-skills\presentation-skills.component.spec.ts", "TypeScript", 0, 0, 0, 0, 20, 0, 0, 0, 0, 6, 26
"c:\Users\Ahmad\Documents\GitHub\OpenLAIR2.0\frontend\src\app\charts\presentation-skills\presentation-skills.component.ts", "TypeScript", 0, 0, 0, 0, 392, 0, 0, 0, 5, 14, 411
"c:\Users\Ahmad\Documents\GitHub\OpenLAIR2.0\frontend\src\app\charts\procrastination\procrastination.component.css", "CSS", 0, 0, 0, 0, 0, 0, 0, 0, 0, 1, 1
"c:\Users\Ahmad\Documents\GitHub\OpenLAIR2.0\frontend\src\app\charts\procrastination\procrastination.component.html", "HTML", 0, 0, 0, 0, 0, 0, 0, 7, 0, 1, 8
"c:\Users\Ahmad\Documents\GitHub\OpenLAIR2.0\frontend\src\app\charts\procrastination\procrastination.component.spec.ts", "TypeScript", 0, 0, 0, 0, 20, 0, 0, 0, 0, 6, 26
"c:\Users\Ahmad\Documents\GitHub\OpenLAIR2.0\frontend\src\app\charts\procrastination\procrastination.component.ts", "TypeScript", 0, 0, 0, 0, 116, 0, 0, 0, 0, 5, 121
"c:\Users\Ahmad\Documents\GitHub\OpenLAIR2.0\frontend\src\app\charts\reading-analytics\reading-analytics.component.css", "CSS", 0, 0, 0, 0, 0, 0, 0, 0, 0, 1, 1
"c:\Users\Ahmad\Documents\GitHub\OpenLAIR2.0\frontend\src\app\charts\reading-analytics\reading-analytics.component.html", "HTML", 0, 0, 0, 0, 0, 0, 0, 7, 0, 1, 8
"c:\Users\Ahmad\Documents\GitHub\OpenLAIR2.0\frontend\src\app\charts\reading-analytics\reading-analytics.component.spec.ts", "TypeScript", 0, 0, 0, 0, 20, 0, 0, 0, 0, 6, 26
"c:\Users\Ahmad\Documents\GitHub\OpenLAIR2.0\frontend\src\app\charts\reading-analytics\reading-analytics.component.ts", "TypeScript", 0, 0, 0, 0, 73, 0, 0, 0, 0, 6, 79
"c:\Users\Ahmad\Documents\GitHub\OpenLAIR2.0\frontend\src\app\charts\self-motivation\self-motivation.component.css", "CSS", 0, 0, 0, 0, 0, 0, 0, 0, 0, 1, 1
"c:\Users\Ahmad\Documents\GitHub\OpenLAIR2.0\frontend\src\app\charts\self-motivation\self-motivation.component.html", "HTML", 0, 0, 0, 0, 0, 0, 0, 7, 0, 1, 8
"c:\Users\Ahmad\Documents\GitHub\OpenLAIR2.0\frontend\src\app\charts\self-motivation\self-motivation.component.spec.ts", "TypeScript", 0, 0, 0, 0, 20, 0, 0, 0, 0, 6, 26
"c:\Users\Ahmad\Documents\GitHub\OpenLAIR2.0\frontend\src\app\charts\self-motivation\self-motivation.component.ts", "TypeScript", 0, 0, 0, 0, 76, 0, 0, 0, 0, 7, 83
"c:\Users\Ahmad\Documents\GitHub\OpenLAIR2.0\frontend\src\app\charts\social-analysis\social-analysis.component.css", "CSS", 0, 0, 0, 0, 0, 0, 0, 0, 0, 1, 1
"c:\Users\Ahmad\Documents\GitHub\OpenLAIR2.0\frontend\src\app\charts\social-analysis\social-analysis.component.html", "HTML", 0, 0, 0, 0, 0, 0, 0, 7, 0, 1, 8
"c:\Users\Ahmad\Documents\GitHub\OpenLAIR2.0\frontend\src\app\charts\social-analysis\social-analysis.component.spec.ts", "TypeScript", 0, 0, 0, 0, 20, 0, 0, 0, 0, 6, 26
"c:\Users\Ahmad\Documents\GitHub\OpenLAIR2.0\frontend\src\app\charts\social-analysis\social-analysis.component.ts", "TypeScript", 0, 0, 0, 0, 96, 0, 0, 0, 0, 6, 102
"c:\Users\Ahmad\Documents\GitHub\OpenLAIR2.0\frontend\src\app\charts\social-network-analysis\nodeformatter.ts", "TypeScript", 0, 0, 0, 0, 41, 0, 0, 0, 3, 5, 49
"c:\Users\Ahmad\Documents\GitHub\OpenLAIR2.0\frontend\src\app\charts\social-network-analysis\social-network-analysis.component.css", "CSS", 0, 0, 0, 0, 0, 0, 0, 0, 0, 1, 1
"c:\Users\Ahmad\Documents\GitHub\OpenLAIR2.0\frontend\src\app\charts\social-network-analysis\social-network-analysis.component.html", "HTML", 0, 0, 0, 0, 0, 0, 0, 7, 0, 1, 8
"c:\Users\Ahmad\Documents\GitHub\OpenLAIR2.0\frontend\src\app\charts\social-network-analysis\social-network-analysis.component.spec.ts", "TypeScript", 0, 0, 0, 0, 20, 0, 0, 0, 0, 6, 26
"c:\Users\Ahmad\Documents\GitHub\OpenLAIR2.0\frontend\src\app\charts\social-network-analysis\social-network-analysis.component.ts", "TypeScript", 0, 0, 0, 0, 120, 0, 0, 0, 4, 12, 136
"c:\Users\Ahmad\Documents\GitHub\OpenLAIR2.0\frontend\src\app\charts\student-comparison\student-comparison.component.css", "CSS", 0, 0, 0, 0, 0, 0, 0, 0, 0, 1, 1
"c:\Users\Ahmad\Documents\GitHub\OpenLAIR2.0\frontend\src\app\charts\student-comparison\student-comparison.component.html", "HTML", 0, 0, 0, 0, 0, 0, 0, 14, 0, 1, 15
"c:\Users\Ahmad\Documents\GitHub\OpenLAIR2.0\frontend\src\app\charts\student-comparison\student-comparison.component.spec.ts", "TypeScript", 0, 0, 0, 0, 20, 0, 0, 0, 0, 6, 26
"c:\Users\Ahmad\Documents\GitHub\OpenLAIR2.0\frontend\src\app\charts\student-comparison\student-comparison.component.ts", "TypeScript", 0, 0, 0, 0, 91, 0, 0, 0, 0, 6, 97
"c:\Users\Ahmad\Documents\GitHub\OpenLAIR2.0\frontend\src\app\charts\student-interaction-patterns\student-interaction-patterns.component.css", "CSS", 0, 0, 0, 0, 0, 0, 0, 0, 0, 1, 1
"c:\Users\Ahmad\Documents\GitHub\OpenLAIR2.0\frontend\src\app\charts\student-interaction-patterns\student-interaction-patterns.component.html", "HTML", 0, 0, 0, 0, 0, 0, 0, 7, 0, 1, 8
"c:\Users\Ahmad\Documents\GitHub\OpenLAIR2.0\frontend\src\app\charts\student-interaction-patterns\student-interaction-patterns.component.spec.ts", "TypeScript", 0, 0, 0, 0, 20, 0, 0, 0, 0, 6, 26
"c:\Users\Ahmad\Documents\GitHub\OpenLAIR2.0\frontend\src\app\charts\student-interaction-patterns\student-interaction-patterns.component.ts", "TypeScript", 0, 0, 0, 0, 96, 0, 0, 0, 2, 11, 109
"c:\Users\Ahmad\Documents\GitHub\OpenLAIR2.0\frontend\src\app\charts\time-distribution\time-distribution.component.css", "CSS", 0, 0, 0, 0, 0, 0, 0, 0, 0, 1, 1
"c:\Users\Ahmad\Documents\GitHub\OpenLAIR2.0\frontend\src\app\charts\time-distribution\time-distribution.component.html", "HTML", 0, 0, 0, 0, 0, 0, 0, 7, 0, 1, 8
"c:\Users\Ahmad\Documents\GitHub\OpenLAIR2.0\frontend\src\app\charts\time-distribution\time-distribution.component.spec.ts", "TypeScript", 0, 0, 0, 0, 20, 0, 0, 0, 0, 6, 26
"c:\Users\Ahmad\Documents\GitHub\OpenLAIR2.0\frontend\src\app\charts\time-distribution\time-distribution.component.ts", "TypeScript", 0, 0, 0, 0, 81, 0, 0, 0, 0, 4, 85
"c:\Users\Ahmad\Documents\GitHub\OpenLAIR2.0\frontend\src\app\charts\time-planning\time-planning.component.css", "CSS", 0, 0, 0, 0, 0, 0, 0, 0, 0, 1, 1
"c:\Users\Ahmad\Documents\GitHub\OpenLAIR2.0\frontend\src\app\charts\time-planning\time-planning.component.html", "HTML", 0, 0, 0, 0, 0, 0, 0, 7, 0, 1, 8
"c:\Users\Ahmad\Documents\GitHub\OpenLAIR2.0\frontend\src\app\charts\time-planning\time-planning.component.spec.ts", "TypeScript", 0, 0, 0, 0, 20, 0, 0, 0, 0, 6, 26
"c:\Users\Ahmad\Documents\GitHub\OpenLAIR2.0\frontend\src\app\charts\time-planning\time-planning.component.ts", "TypeScript", 0, 0, 0, 0, 114, 0, 0, 0, 1, 3, 118
"c:\Users\Ahmad\Documents\GitHub\OpenLAIR2.0\frontend\src\app\charts\video-analytics\video-analytics.component.css", "CSS", 0, 0, 0, 0, 0, 0, 0, 0, 0, 1, 1
"c:\Users\Ahmad\Documents\GitHub\OpenLAIR2.0\frontend\src\app\charts\video-analytics\video-analytics.component.html", "HTML", 0, 0, 0, 0, 0, 0, 0, 7, 0, 1, 8
"c:\Users\Ahmad\Documents\GitHub\OpenLAIR2.0\frontend\src\app\charts\video-analytics\video-analytics.component.spec.ts", "TypeScript", 0, 0, 0, 0, 20, 0, 0, 0, 0, 6, 26
"c:\Users\Ahmad\Documents\GitHub\OpenLAIR2.0\frontend\src\app\charts\video-analytics\video-analytics.component.ts", "TypeScript", 0, 0, 0, 0, 107, 0, 0, 0, 0, 9, 116
"c:\Users\Ahmad\Documents\GitHub\OpenLAIR2.0\frontend\src\app\charts\video-engagements\video-engagements.component.css", "CSS", 0, 0, 0, 0, 0, 0, 0, 0, 0, 1, 1
"c:\Users\Ahmad\Documents\GitHub\OpenLAIR2.0\frontend\src\app\charts\video-engagements\video-engagements.component.html", "HTML", 0, 0, 0, 0, 0, 0, 0, 7, 0, 1, 8
"c:\Users\Ahmad\Documents\GitHub\OpenLAIR2.0\frontend\src\app\charts\video-engagements\video-engagements.component.spec.ts", "TypeScript", 0, 0, 0, 0, 20, 0, 0, 0, 0, 6, 26
"c:\Users\Ahmad\Documents\GitHub\OpenLAIR2.0\frontend\src\app\charts\video-engagements\video-engagements.component.ts", "TypeScript", 0, 0, 0, 0, 81, 0, 0, 0, 0, 5, 86
"c:\Users\Ahmad\Documents\GitHub\OpenLAIR2.0\frontend\src\app\charts\writing-analytics\writing-analytics.component.css", "CSS", 0, 0, 0, 0, 0, 0, 0, 0, 0, 1, 1
"c:\Users\Ahmad\Documents\GitHub\OpenLAIR2.0\frontend\src\app\charts\writing-analytics\writing-analytics.component.html", "HTML", 0, 0, 0, 0, 0, 0, 0, 7, 0, 1, 8
"c:\Users\Ahmad\Documents\GitHub\OpenLAIR2.0\frontend\src\app\charts\writing-analytics\writing-analytics.component.spec.ts", "TypeScript", 0, 0, 0, 0, 20, 0, 0, 0, 0, 6, 26
"c:\Users\Ahmad\Documents\GitHub\OpenLAIR2.0\frontend\src\app\charts\writing-analytics\writing-analytics.component.ts", "TypeScript", 0, 0, 0, 0, 734, 0, 0, 0, 0, 13, 747
"c:\Users\Ahmad\Documents\GitHub\OpenLAIR2.0\frontend\src\app\component\add-data\add-data-dialog.component.css", "CSS", 0, 0, 0, 0, 0, 0, 3, 0, 0, 1, 4
"c:\Users\Ahmad\Documents\GitHub\OpenLAIR2.0\frontend\src\app\component\add-data\add-data-dialog.component.html", "HTML", 0, 0, 0, 0, 0, 0, 0, 9, 0, 0, 9
"c:\Users\Ahmad\Documents\GitHub\OpenLAIR2.0\frontend\src\app\component\add-data\add-data-dialog.component.spec.ts", "TypeScript", 0, 0, 0, 0, 20, 0, 0, 0, 0, 6, 26
"c:\Users\Ahmad\Documents\GitHub\OpenLAIR2.0\frontend\src\app\component\add-data\add-data-dialog.component.ts", "TypeScript", 0, 0, 0, 0, 14, 0, 0, 0, 0, 5, 19
"c:\Users\Ahmad\Documents\GitHub\OpenLAIR2.0\frontend\src\app\component\add-data\add-data.component.css", "CSS", 0, 0, 0, 0, 0, 0, 176, 0, 0, 37, 213
"c:\Users\Ahmad\Documents\GitHub\OpenLAIR2.0\frontend\src\app\component\add-data\add-data.component.html", "HTML", 0, 0, 0, 0, 0, 0, 0, 288, 16, 36, 340
"c:\Users\Ahmad\Documents\GitHub\OpenLAIR2.0\frontend\src\app\component\add-data\add-data.component.spec.ts", "TypeScript", 0, 0, 0, 0, 20, 0, 0, 0, 0, 6, 26
"c:\Users\Ahmad\Documents\GitHub\OpenLAIR2.0\frontend\src\app\component\add-data\add-data.component.ts", "TypeScript", 0, 0, 0, 0, 476, 0, 0, 0, 34, 62, 572
"c:\Users\Ahmad\Documents\GitHub\OpenLAIR2.0\frontend\src\app\component\add-data\data.resolver.ts", "TypeScript", 0, 0, 0, 0, 25, 0, 0, 0, 0, 3, 28
"c:\Users\Ahmad\Documents\GitHub\OpenLAIR2.0\frontend\src\app\component\add-reference\add-reference.component.css", "CSS", 0, 0, 0, 0, 0, 0, 0, 0, 0, 1, 1
"c:\Users\Ahmad\Documents\GitHub\OpenLAIR2.0\frontend\src\app\component\add-reference\add-reference.component.html", "HTML", 0, 0, 0, 0, 0, 0, 0, 36, 1, 5, 42
"c:\Users\Ahmad\Documents\GitHub\OpenLAIR2.0\frontend\src\app\component\add-reference\add-reference.component.spec.ts", "TypeScript", 0, 0, 0, 0, 20, 0, 0, 0, 0, 6, 26
"c:\Users\Ahmad\Documents\GitHub\OpenLAIR2.0\frontend\src\app\component\add-reference\add-reference.component.ts", "TypeScript", 0, 0, 0, 0, 88, 0, 0, 0, 4, 16, 108
"c:\Users\Ahmad\Documents\GitHub\OpenLAIR2.0\frontend\src\app\component\admin\admin.component.css", "CSS", 0, 0, 0, 0, 0, 0, 72, 0, 0, 19, 91
"c:\Users\Ahmad\Documents\GitHub\OpenLAIR2.0\frontend\src\app\component\admin\admin.component.html", "HTML", 0, 0, 0, 0, 0, 0, 0, 45, 0, 8, 53
"c:\Users\Ahmad\Documents\GitHub\OpenLAIR2.0\frontend\src\app\component\admin\admin.component.spec.ts", "TypeScript", 0, 0, 0, 0, 20, 0, 0, 0, 0, 6, 26
"c:\Users\Ahmad\Documents\GitHub\OpenLAIR2.0\frontend\src\app\component\admin\admin.component.ts", "TypeScript", 0, 0, 0, 0, 64, 0, 0, 0, 3, 14, 81
"c:\Users\Ahmad\Documents\GitHub\OpenLAIR2.0\frontend\src\app\component\dashboard\dashboard.component.css", "CSS", 0, 0, 0, 0, 0, 0, 13, 0, 0, 2, 15
"c:\Users\Ahmad\Documents\GitHub\OpenLAIR2.0\frontend\src\app\component\dashboard\dashboard.component.html", "HTML", 0, 0, 0, 0, 0, 0, 0, 7, 0, 3, 10
"c:\Users\Ahmad\Documents\GitHub\OpenLAIR2.0\frontend\src\app\component\dashboard\dashboard.component.spec.ts", "TypeScript", 0, 0, 0, 0, 20, 0, 0, 0, 0, 6, 26
"c:\Users\Ahmad\Documents\GitHub\OpenLAIR2.0\frontend\src\app\component\dashboard\dashboard.component.ts", "TypeScript", 0, 0, 0, 0, 18, 0, 0, 0, 0, 6, 24
"c:\Users\Ahmad\Documents\GitHub\OpenLAIR2.0\frontend\src\app\component\display\display.component.css", "CSS", 0, 0, 0, 0, 0, 0, 148, 0, 2, 31, 181
"c:\Users\Ahmad\Documents\GitHub\OpenLAIR2.0\frontend\src\app\component\display\display.component.html", "HTML", 0, 0, 0, 0, 0, 0, 0, 235, 2, 15, 252
"c:\Users\Ahmad\Documents\GitHub\OpenLAIR2.0\frontend\src\app\component\display\display.component.spec.ts", "TypeScript", 0, 0, 0, 0, 20, 0, 0, 0, 0, 6, 26
"c:\Users\Ahmad\Documents\GitHub\OpenLAIR2.0\frontend\src\app\component\display\display.component.ts", "TypeScript", 0, 0, 0, 0, 486, 0, 0, 0, 39, 54, 579
"c:\Users\Ahmad\Documents\GitHub\OpenLAIR2.0\frontend\src\app\component\display\filter.pipe.ts", "TypeScript", 0, 0, 0, 0, 24, 0, 0, 0, 0, 8, 32
"c:\Users\Ahmad\Documents\GitHub\OpenLAIR2.0\frontend\src\app\component\display\select-check-all.component.ts", "TypeScript", 0, 0, 0, 0, 51, 0, 0, 0, 1, 12, 64
"c:\Users\Ahmad\Documents\GitHub\OpenLAIR2.0\frontend\src\app\component\display\table\table.component.css", "CSS", 0, 0, 0, 0, 0, 0, 65, 0, 0, 18, 83
"c:\Users\Ahmad\Documents\GitHub\OpenLAIR2.0\frontend\src\app\component\display\table\table.component.html", "HTML", 0, 0, 0, 0, 0, 0, 0, 80, 1, 3, 84
"c:\Users\Ahmad\Documents\GitHub\OpenLAIR2.0\frontend\src\app\component\display\table\table.component.spec.ts", "TypeScript", 0, 0, 0, 0, 20, 0, 0, 0, 0, 6, 26
"c:\Users\Ahmad\Documents\GitHub\OpenLAIR2.0\frontend\src\app\component\display\table\table.component.ts", "TypeScript", 0, 0, 0, 0, 55, 0, 0, 0, 4, 21, 80
"c:\Users\Ahmad\Documents\GitHub\OpenLAIR2.0\frontend\src\app\component\dropdown\dropdown.component.css", "CSS", 0, 0, 0, 0, 0, 0, 0, 0, 0, 1, 1
"c:\Users\Ahmad\Documents\GitHub\OpenLAIR2.0\frontend\src\app\component\dropdown\dropdown.component.html", "HTML", 0, 0, 0, 0, 0, 0, 0, 25, 0, 3, 28
"c:\Users\Ahmad\Documents\GitHub\OpenLAIR2.0\frontend\src\app\component\dropdown\dropdown.component.spec.ts", "TypeScript", 0, 0, 0, 0, 20, 0, 0, 0, 0, 6, 26
"c:\Users\Ahmad\Documents\GitHub\OpenLAIR2.0\frontend\src\app\component\dropdown\dropdown.component.ts", "TypeScript", 0, 0, 0, 0, 28, 0, 0, 0, 0, 17, 45
"c:\Users\Ahmad\Documents\GitHub\OpenLAIR2.0\frontend\src\app\component\header\header.component.css", "CSS", 0, 0, 0, 0, 0, 0, 42, 0, 2, 10, 54
"c:\Users\Ahmad\Documents\GitHub\OpenLAIR2.0\frontend\src\app\component\header\header.component.html", "HTML", 0, 0, 0, 0, 0, 0, 0, 43, 13, 8, 64
"c:\Users\Ahmad\Documents\GitHub\OpenLAIR2.0\frontend\src\app\component\header\header.component.spec.ts", "TypeScript", 0, 0, 0, 0, 20, 0, 0, 0, 0, 6, 26
"c:\Users\Ahmad\Documents\GitHub\OpenLAIR2.0\frontend\src\app\component\header\header.component.ts", "TypeScript", 0, 0, 0, 0, 43, 0, 0, 0, 2, 14, 59
"c:\Users\Ahmad\Documents\GitHub\OpenLAIR2.0\frontend\src\app\component\header\header.service.ts", "TypeScript", 0, 0, 0, 0, 9, 0, 0, 0, 0, 3, 12
"c:\Users\Ahmad\Documents\GitHub\OpenLAIR2.0\frontend\src\app\component\reference\referance.component.css", "CSS", 0, 0, 0, 0, 0, 0, 6, 0, 0, 2, 8
"c:\Users\Ahmad\Documents\GitHub\OpenLAIR2.0\frontend\src\app\component\reference\referance.component.html", "HTML", 0, 0, 0, 0, 0, 0, 0, 17, 0, 2, 19
"c:\Users\Ahmad\Documents\GitHub\OpenLAIR2.0\frontend\src\app\component\reference\referance.component.spec.ts", "TypeScript", 0, 0, 0, 0, 20, 0, 0, 0, 0, 6, 26
"c:\Users\Ahmad\Documents\GitHub\OpenLAIR2.0\frontend\src\app\component\reference\referance.component.ts", "TypeScript", 0, 0, 0, 0, 67, 0, 0, 0, 5, 12, 84
"c:\Users\Ahmad\Documents\GitHub\OpenLAIR2.0\frontend\src\app\component\review-display\review-display.component.css", "CSS", 0, 0, 0, 0, 0, 0, 44, 0, 0, 11, 55
"c:\Users\Ahmad\Documents\GitHub\OpenLAIR2.0\frontend\src\app\component\review-display\review-display.component.html", "HTML", 0, 0, 0, 0, 0, 0, 0, 72, 0, 1, 73
"c:\Users\Ahmad\Documents\GitHub\OpenLAIR2.0\frontend\src\app\component\review-display\review-display.component.spec.ts", "TypeScript", 0, 0, 0, 0, 20, 0, 0, 0, 0, 6, 26
"c:\Users\Ahmad\Documents\GitHub\OpenLAIR2.0\frontend\src\app\component\review-display\review-display.component.ts", "TypeScript", 0, 0, 0, 0, 113, 0, 0, 0, 9, 17, 139
"c:\Users\Ahmad\Documents\GitHub\OpenLAIR2.0\frontend\src\app\component\review-edit\review-edit.component.css", "CSS", 0, 0, 0, 0, 0, 0, 37, 0, 0, 7, 44
"c:\Users\Ahmad\Documents\GitHub\OpenLAIR2.0\frontend\src\app\component\review-edit\review-edit.component.html", "HTML", 0, 0, 0, 0, 0, 0, 0, 116, 0, 3, 119
"c:\Users\Ahmad\Documents\GitHub\OpenLAIR2.0\frontend\src\app\component\review-edit\review-edit.component.spec.ts", "TypeScript", 0, 0, 0, 0, 20, 0, 0, 0, 0, 6, 26
"c:\Users\Ahmad\Documents\GitHub\OpenLAIR2.0\frontend\src\app\component\review-edit\review-edit.component.ts", "TypeScript", 0, 0, 0, 0, 143, 0, 0, 0, 7, 13, 163
"c:\Users\Ahmad\Documents\GitHub\OpenLAIR2.0\frontend\src\app\component\star-rating\star-rating.component.css", "CSS", 0, 0, 0, 0, 0, 0, 16, 0, 3, 5, 24
"c:\Users\Ahmad\Documents\GitHub\OpenLAIR2.0\frontend\src\app\component\star-rating\star-rating.component.html", "HTML", 0, 0, 0, 0, 0, 0, 0, 5, 0, 2, 7
"c:\Users\Ahmad\Documents\GitHub\OpenLAIR2.0\frontend\src\app\component\star-rating\star-rating.component.spec.ts", "TypeScript", 0, 0, 0, 0, 20, 0, 0, 0, 0, 6, 26
"c:\Users\Ahmad\Documents\GitHub\OpenLAIR2.0\frontend\src\app\component\star-rating\star-rating.component.ts", "TypeScript", 0, 0, 0, 0, 40, 0, 0, 0, 3, 9, 52
"c:\Users\Ahmad\Documents\GitHub\OpenLAIR2.0\frontend\src\app\data.model.ts", "TypeScript", 0, 0, 0, 0, 26, 0, 0, 0, 0, 3, 29
"c:\Users\Ahmad\Documents\GitHub\OpenLAIR2.0\frontend\src\app\data.service.spec.ts", "TypeScript", 0, 0, 0, 0, 9, 0, 0, 0, 0, 4, 13
"c:\Users\Ahmad\Documents\GitHub\OpenLAIR2.0\frontend\src\app\data.service.ts", "TypeScript", 0, 0, 0, 0, 139, 0, 0, 0, 13, 49, 201
"c:\Users\Ahmad\Documents\GitHub\OpenLAIR2.0\frontend\src\app\superAdmin\super-admin.service.spec.ts", "TypeScript", 0, 0, 0, 0, 9, 0, 0, 0, 0, 4, 13
"c:\Users\Ahmad\Documents\GitHub\OpenLAIR2.0\frontend\src\app\superAdmin\super-admin.service.ts", "TypeScript", 0, 0, 0, 0, 18, 0, 0, 0, 1, 7, 26
"c:\Users\Ahmad\Documents\GitHub\OpenLAIR2.0\frontend\src\assets\js\tooltipJS.js", "JavaScript", 0, 0, 0, 0, 0, 118, 0, 0, 8, 24, 150
"c:\Users\Ahmad\Documents\GitHub\OpenLAIR2.0\frontend\src\assets\js\tour.service.ts", "TypeScript", 0, 0, 0, 0, 88, 0, 0, 0, 1, 2, 91
"c:\Users\Ahmad\Documents\GitHub\OpenLAIR2.0\frontend\src\assets\js\tourJS.js", "JavaScript", 0, 0, 0, 0, 0, 83, 0, 0, 9, 2, 94
"c:\Users\Ahmad\Documents\GitHub\OpenLAIR2.0\frontend\src\environments\environment.prod.ts", "TypeScript", 0, 0, 0, 0, 3, 0, 0, 0, 0, 1, 4
"c:\Users\Ahmad\Documents\GitHub\OpenLAIR2.0\frontend\src\environments\environment.ts", "TypeScript", 0, 0, 0, 0, 3, 0, 0, 0, 11, 3, 17
"c:\Users\Ahmad\Documents\GitHub\OpenLAIR2.0\frontend\src\index.html", "HTML", 0, 0, 0, 0, 0, 0, 0, 50, 5, 19, 74
"c:\Users\Ahmad\Documents\GitHub\OpenLAIR2.0\frontend\src\main.ts", "TypeScript", 0, 0, 0, 0, 10, 0, 0, 0, 0, 4, 14
"c:\Users\Ahmad\Documents\GitHub\OpenLAIR2.0\frontend\src\polyfills.ts", "TypeScript", 0, 0, 0, 0, 1, 0, 0, 0, 55, 8, 64
"c:\Users\Ahmad\Documents\GitHub\OpenLAIR2.0\frontend\src\styles.css", "CSS", 0, 0, 0, 0, 0, 0, 142, 0, 4, 27, 173
"c:\Users\Ahmad\Documents\GitHub\OpenLAIR2.0\frontend\src\test.ts", "TypeScript", 0, 0, 0, 0, 13, 0, 0, 0, 4, 4, 21
"c:\Users\Ahmad\Documents\GitHub\OpenLAIR2.0\frontend\tsconfig.app.json", "JSON", 0, 18, 0, 0, 0, 0, 0, 0, 0, 1, 19
"c:\Users\Ahmad\Documents\GitHub\OpenLAIR2.0\frontend\tsconfig.json", "JSON with Comments", 0, 0, 26, 0, 0, 0, 0, 0, 0, 1, 27
"c:\Users\Ahmad\Documents\GitHub\OpenLAIR2.0\frontend\tsconfig.spec.json", "JSON", 0, 18, 0, 0, 0, 0, 0, 0, 0, 1, 19
"c:\Users\Ahmad\Documents\GitHub\OpenLAIR2.0\frontend\tslint.json", "JSON", 0, 91, 0, 0, 0, 0, 0, 0, 0, 0, 91
"Total", "-", 1, 12947, 39, 14, 8050, -208, 841, 1521, 343, 1351, 24899